STUDYID, DOMAIN, USUBJID, POOLID, PPSEQ, PPGRPID, PPTESTCD, PPTEST, PPCAT, PPSCAT, PPORRES, PPORRESU, PPSTRESC, PPSTRESN, PPSTRESU, PPSTAT, PPREASND, PPSPEC, VISITDY, PPTPTREF, PPRFTDTC, PPSTINT, PPENINT
STUDY123,PP,STUDY123-2001,,1,ARTICLE123-DAY1-STUDY123-2001,AUCINT,AUCINT,ARTICLE123,NONCOMPARTMENTAL,13.0,h*ug/mL,13.0,13.0,h*ug/mL,,,PLASMA,1,,,PT0H, PT24H
STUDY123,PP,STUDY123-2001,,2,ARTICLE123-DAY1-STUDY123-2001,CMAX,CMAX,ARTICLE123,NONCOMPARTMENTAL,0.716,ug/mL,0.716,0.716,ug/mL,,,PLASMA,1,,,PT0H, PT24H
STUDY123,PP,STUDY123-2001,,3,ARTICLE123-DAY1-STUDY123-2001,TMAX,TMAX,ARTICLE123,NONCOMPARTMENTAL,4.0,h,4.0,4.0,h,,,PLASMA,1,,,PT0H, PT24H
STUDY123,PP,STUDY123-2002,,4,ARTICLE123-DAY1-STUDY123-2002,AUCINT,AUCINT,ARTICLE123,NONCOMPARTMENTAL,25.7,h*ug/mL,25.7,25.7,h*ug/mL,,,PLASMA,1,,,PT0H, PT24H
STUDY123,PP,STUDY123-2002,,5,ARTICLE123-DAY1-STUDY123-2002,CMAX,CMAX,ARTICLE123,NONCOMPARTMENTAL,1.37,ug/mL,1.37,1.37,ug/mL,,,PLASMA,1,,,PT0H, PT24H
STUDY123,PP,STUDY123-2002,,6,ARTICLE123-DAY1-STUDY123-2002,TMAX,TMAX,ARTICLE123,NONCOMPARTMENTAL,24,h,24,24,h,,,PLASMA,1,,,PT0H, PT24H
STUDY123,PP,STUDY123-2003,,7,ARTICLE123-DAY1-STUDY123-2003,AUCINT,AUCINT,ARTICLE123,NONCOMPARTMENTAL,12.2,h*ug/mL,12.2,12.2,h*ug/mL,,,PLASMA,1,,,PT0H, PT24H
STUDY123,PP,STUDY123-2003,,8,ARTICLE123-DAY1-STUDY123-2003,CMAX,CMAX,ARTICLE123,NONCOMPARTMENTAL,0.683,ug/mL,0.683,0.683,ug/mL,,,PLASMA,1,,,PT0H, PT24H
STUDY123,PP,STUDY123-2003,,9,ARTICLE123-DAY1-STUDY123-2003,TMAX,TMAX,ARTICLE123,NONCOMPARTMENTAL,4.0,h,4.0,4.0,h,,,PLASMA,1,,,PT0H, PT24H
STUDY123,PP,STUDY123-2004,,10,ARTICLE123-DAY1-STUDY123-2004,AUCINT,AUCINT,ARTICLE123,NONCOMPARTMENTAL,28.6,h*ug/mL,28.6,28.6,h*ug/mL,,,PLASMA,1,,,PT0H, PT24H
STUDY123,PP,STUDY123-2004,,11,ARTICLE123-DAY1-STUDY123-2004,CMAX,CMAX,ARTICLE123,NONCOMPARTMENTAL,1.46,ug/mL,1.46,1.46,ug/mL,,,PLASMA,1,,,PT0H, PT24H
STUDY123,PP,STUDY123-2004,,12,ARTICLE123-DAY1-STUDY123-2004,TMAX,TMAX,ARTICLE123,NONCOMPARTMENTAL,2.0,h,2.0,2.0,h,,,PLASMA,1,,,PT0H, PT24H
STUDY123,PP,STUDY123-2501,,13,ARTICLE123-DAY1-STUDY123-2501,AUCINT,AUCINT,ARTICLE123,NONCOMPARTMENTAL,16.1,h*ug/mL,16.1,16.1,h*ug/mL,,,PLASMA,1,,,PT0H, PT24H
STUDY123,PP,STUDY123-2501,,14,ARTICLE123-DAY1-STUDY123-2501,CMAX,CMAX,ARTICLE123,NONCOMPARTMENTAL,0.875,ug/mL,0.875,0.875,ug/mL,,,PLASMA,1,,,PT0H, PT24H
STUDY123,PP,STUDY123-2501,,15,ARTICLE123-DAY1-STUDY123-2501,TMAX,TMAX,ARTICLE123,NONCOMPARTMENTAL,2.0,h,2.0,2.0,h,,,PLASMA,1,,,PT0H, PT24H
STUDY123,PP,STUDY123-2502,,16,ARTICLE123-DAY1-STUDY123-2502,AUCINT,AUCINT,ARTICLE123,NONCOMPARTMENTAL,16.2,h*ug/mL,16.2,16.2,h*ug/mL,,,PLASMA,1,,,PT0H, PT24H
STUDY123,PP,STUDY123-2502,,17,ARTICLE123-DAY1-STUDY123-2502,CMAX,CMAX,ARTICLE123,NONCOMPARTMENTAL,0.824,ug/mL,0.824,0.824,ug/mL,,,PLASMA,1,,,PT0H, PT24H
STUDY123,PP,STUDY123-2502,,18,ARTICLE123-DAY1-STUDY123-2502,TMAX,TMAX,ARTICLE123,NONCOMPARTMENTAL,24,h,24,24,h,,,PLASMA,1,,,PT0H, PT24H
STUDY123,PP,STUDY123-2503,,19,ARTICLE123-DAY1-STUDY123-2503,AUCINT,AUCINT,ARTICLE123,NONCOMPARTMENTAL,15.2,h*ug/mL,15.2,15.2,h*ug/mL,,,PLASMA,1,,,PT0H, PT24H
STUDY123,PP,STUDY123-2503,,20,ARTICLE123-DAY1-STUDY123-2503,CMAX,CMAX,ARTICLE123,NONCOMPARTMENTAL,0.902,ug/mL,0.902,0.902,ug/mL,,,PLASMA,1,,,PT0H, PT24H
STUDY123,PP,STUDY123-2503,,21,ARTICLE123-DAY1-STUDY123-2503,TMAX,TMAX,ARTICLE123,NONCOMPARTMENTAL,2.0,h,2.0,2.0,h,,,PLASMA,1,,,PT0H, PT24H
STUDY123,PP,STUDY123-2504,,22,ARTICLE123-DAY1-STUDY123-2504,AUCINT,AUCINT,ARTICLE123,NONCOMPARTMENTAL,13.6,h*ug/mL,13.6,13.6,h*ug/mL,,,PLASMA,1,,,PT0H, PT24H
STUDY123,PP,STUDY123-2504,,23,ARTICLE123-DAY1-STUDY123-2504,CMAX,CMAX,ARTICLE123,NONCOMPARTMENTAL,0.680,ug/mL,0.680,0.680,ug/mL,,,PLASMA,1,,,PT0H, PT24H
STUDY123,PP,STUDY123-2504,,24,ARTICLE123-DAY1-STUDY123-2504,TMAX,TMAX,ARTICLE123,NONCOMPARTMENTAL,8.0,h,8.0,8.0,h,,,PLASMA,1,,,PT0H, PT24H
STUDY123,PP,STUDY123-3001,,25,ARTICLE123-DAY1-STUDY123-3001,AUCINT,AUCINT,ARTICLE123,NONCOMPARTMENTAL,41.6,h*ug/mL,41.6,41.6,h*ug/mL,,,PLASMA,1,,,PT0H, PT24H
STUDY123,PP,STUDY123-3001,,26,ARTICLE123-DAY1-STUDY123-3001,CMAX,CMAX,ARTICLE123,NONCOMPARTMENTAL,2.54,ug/mL,2.54,2.54,ug/mL,,,PLASMA,1,,,PT0H, PT24H
STUDY123,PP,STUDY123-3001,,27,ARTICLE123-DAY1-STUDY123-3001,TMAX,TMAX,ARTICLE123,NONCOMPARTMENTAL,24,h,24,24,h,,,PLASMA,1,,,PT0H, PT24H
STUDY123,PP,STUDY123-3002,,28,ARTICLE123-DAY1-STUDY123-3002,AUCINT,AUCINT,ARTICLE123,NONCOMPARTMENTAL,41.7,h*ug/mL,41.7,41.7,h*ug/mL,,,PLASMA,1,,,PT0H, PT24H
STUDY123,PP,STUDY123-3002,,29,ARTICLE123-DAY1-STUDY123-3002,CMAX,CMAX,ARTICLE123,NONCOMPARTMENTAL,2.32,ug/mL,2.32,2.32,ug/mL,,,PLASMA,1,,,PT0H, PT24H
STUDY123,PP,STUDY123-3002,,30,ARTICLE123-DAY1-STUDY123-3002,TMAX,TMAX,ARTICLE123,NONCOMPARTMENTAL,4.0,h,4.0,4.0,h,,,PLASMA,1,,,PT0H, PT24H
STUDY123,PP,STUDY123-3003,,31,ARTICLE123-DAY1-STUDY123-3003,AUCINT,AUCINT,ARTICLE123,NONCOMPARTMENTAL,33.3,h*ug/mL,33.3,33.3,h*ug/mL,,,PLASMA,1,,,PT0H, PT24H
STUDY123,PP,STUDY123-3003,,32,ARTICLE123-DAY1-STUDY123-3003,CMAX,CMAX,ARTICLE123,NONCOMPARTMENTAL,1.82,ug/mL,1.82,1.82,ug/mL,,,PLASMA,1,,,PT0H, PT24H
STUDY123,PP,STUDY123-3003,,33,ARTICLE123-DAY1-STUDY123-3003,TMAX,TMAX,ARTICLE123,NONCOMPARTMENTAL,2.0,h,2.0,2.0,h,,,PLASMA,1,,,PT0H, PT24H
STUDY123,PP,STUDY123-3004,,34,ARTICLE123-DAY1-STUDY123-3004,AUCINT,AUCINT,ARTICLE123,NONCOMPARTMENTAL,48.1,h*ug/mL,48.1,48.1,h*ug/mL,,,PLASMA,1,,,PT0H, PT24H
STUDY123,PP,STUDY123-3004,,35,ARTICLE123-DAY1-STUDY123-3004,CMAX,CMAX,ARTICLE123,NONCOMPARTMENTAL,2.81,ug/mL,2.81,2.81,ug/mL,,,PLASMA,1,,,PT0H, PT24H
STUDY123,PP,STUDY123-3004,,36,ARTICLE123-DAY1-STUDY123-3004,TMAX,TMAX,ARTICLE123,NONCOMPARTMENTAL,24,h,24,24,h,,,PLASMA,1,,,PT0H, PT24H
STUDY123,PP,STUDY123-3005,,37,ARTICLE123-DAY1-STUDY123-3005,AUCINT,AUCINT,ARTICLE123,NONCOMPARTMENTAL,36.9,h*ug/mL,36.9,36.9,h*ug/mL,,,PLASMA,1,,,PT0H, PT24H
STUDY123,PP,STUDY123-3005,,38,ARTICLE123-DAY1-STUDY123-3005,CMAX,CMAX,ARTICLE123,NONCOMPARTMENTAL,2.18,ug/mL,2.18,2.18,ug/mL,,,PLASMA,1,,,PT0H, PT24H
STUDY123,PP,STUDY123-3005,,39,ARTICLE123-DAY1-STUDY123-3005,TMAX,TMAX,ARTICLE123,NONCOMPARTMENTAL,4.0,h,4.0,4.0,h,,,PLASMA,1,,,PT0H, PT24H
STUDY123,PP,STUDY123-3006,,40,ARTICLE123-DAY1-STUDY123-3006,AUCINT,AUCINT,ARTICLE123,NONCOMPARTMENTAL,41.0,h*ug/mL,41.0,41.0,h*ug/mL,,,PLASMA,1,,,PT0H, PT24H
STUDY123,PP,STUDY123-3006,,41,ARTICLE123-DAY1-STUDY123-3006,CMAX,CMAX,ARTICLE123,NONCOMPARTMENTAL,1.93,ug/mL,1.93,1.93,ug/mL,,,PLASMA,1,,,PT0H, PT24H
STUDY123,PP,STUDY123-3006,,42,ARTICLE123-DAY1-STUDY123-3006,TMAX,TMAX,ARTICLE123,NONCOMPARTMENTAL,24,h,24,24,h,,,PLASMA,1,,,PT0H, PT24H
STUDY123,PP,STUDY123-3501,,43,ARTICLE123-DAY1-STUDY123-3501,AUCINT,AUCINT,ARTICLE123,NONCOMPARTMENTAL,48.4,h*ug/mL,48.4,48.4,h*ug/mL,,,PLASMA,1,,,PT0H, PT24H
STUDY123,PP,STUDY123-3501,,44,ARTICLE123-DAY1-STUDY123-3501,CMAX,CMAX,ARTICLE123,NONCOMPARTMENTAL,2.40,ug/mL,2.40,2.40,ug/mL,,,PLASMA,1,,,PT0H, PT24H
STUDY123,PP,STUDY123-3501,,45,ARTICLE123-DAY1-STUDY123-3501,TMAX,TMAX,ARTICLE123,NONCOMPARTMENTAL,4.0,h,4.0,4.0,h,,,PLASMA,1,,,PT0H, PT24H
STUDY123,PP,STUDY123-3502,,46,ARTICLE123-DAY1-STUDY123-3502,AUCINT,AUCINT,ARTICLE123,NONCOMPARTMENTAL,38.2,h*ug/mL,38.2,38.2,h*ug/mL,,,PLASMA,1,,,PT0H, PT24H
STUDY123,PP,STUDY123-3502,,47,ARTICLE123-DAY1-STUDY123-3502,CMAX,CMAX,ARTICLE123,NONCOMPARTMENTAL,1.96,ug/mL,1.96,1.96,ug/mL,,,PLASMA,1,,,PT0H, PT24H
STUDY123,PP,STUDY123-3502,,48,ARTICLE123-DAY1-STUDY123-3502,TMAX,TMAX,ARTICLE123,NONCOMPARTMENTAL,4.0,h,4.0,4.0,h,,,PLASMA,1,,,PT0H, PT24H
STUDY123,PP,STUDY123-3503,,49,ARTICLE123-DAY1-STUDY123-3503,AUCINT,AUCINT,ARTICLE123,NONCOMPARTMENTAL,18.4,h*ug/mL,18.4,18.4,h*ug/mL,,,PLASMA,1,,,PT0H, PT24H
STUDY123,PP,STUDY123-3503,,50,ARTICLE123-DAY1-STUDY123-3503,CMAX,CMAX,ARTICLE123,NONCOMPARTMENTAL,1.11,ug/mL,1.11,1.11,ug/mL,,,PLASMA,1,,,PT0H, PT24H
STUDY123,PP,STUDY123-3503,,51,ARTICLE123-DAY1-STUDY123-3503,TMAX,TMAX,ARTICLE123,NONCOMPARTMENTAL,4.0,h,4.0,4.0,h,,,PLASMA,1,,,PT0H, PT24H
STUDY123,PP,STUDY123-3504,,52,ARTICLE123-DAY1-STUDY123-3504,AUCINT,AUCINT,ARTICLE123,NONCOMPARTMENTAL,43.1,h*ug/mL,43.1,43.1,h*ug/mL,,,PLASMA,1,,,PT0H, PT24H
STUDY123,PP,STUDY123-3504,,53,ARTICLE123-DAY1-STUDY123-3504,CMAX,CMAX,ARTICLE123,NONCOMPARTMENTAL,2.57,ug/mL,2.57,2.57,ug/mL,,,PLASMA,1,,,PT0H, PT24H
STUDY123,PP,STUDY123-3504,,54,ARTICLE123-DAY1-STUDY123-3504,TMAX,TMAX,ARTICLE123,NONCOMPARTMENTAL,24,h,24,24,h,,,PLASMA,1,,,PT0H, PT24H
STUDY123,PP,STUDY123-3505,,55,ARTICLE123-DAY1-STUDY123-3505,AUCINT,AUCINT,ARTICLE123,NONCOMPARTMENTAL,15.4,h*ug/mL,15.4,15.4,h*ug/mL,,,PLASMA,1,,,PT0H, PT24H
STUDY123,PP,STUDY123-3505,,56,ARTICLE123-DAY1-STUDY123-3505,CMAX,CMAX,ARTICLE123,NONCOMPARTMENTAL,0.877,ug/mL,0.877,0.877,ug/mL,,,PLASMA,1,,,PT0H, PT24H
STUDY123,PP,STUDY123-3505,,57,ARTICLE123-DAY1-STUDY123-3505,TMAX,TMAX,ARTICLE123,NONCOMPARTMENTAL,2.0,h,2.0,2.0,h,,,PLASMA,1,,,PT0H, PT24H
STUDY123,PP,STUDY123-3506,,58,ARTICLE123-DAY1-STUDY123-3506,AUCINT,AUCINT,ARTICLE123,NONCOMPARTMENTAL,30.1,h*ug/mL,30.1,30.1,h*ug/mL,,,PLASMA,1,,,PT0H, PT24H
STUDY123,PP,STUDY123-3506,,59,ARTICLE123-DAY1-STUDY123-3506,CMAX,CMAX,ARTICLE123,NONCOMPARTMENTAL,1.57,ug/mL,1.57,1.57,ug/mL,,,PLASMA,1,,,PT0H, PT24H
STUDY123,PP,STUDY123-3506,,60,ARTICLE123-DAY1-STUDY123-3506,TMAX,TMAX,ARTICLE123,NONCOMPARTMENTAL,4.0,h,4.0,4.0,h,,,PLASMA,1,,,PT0H, PT24H
STUDY123,PP,STUDY123-4001,,61,ARTICLE123-DAY1-STUDY123-4001,AUCINT,AUCINT,ARTICLE123,NONCOMPARTMENTAL,128,h*ug/mL,128,128,h*ug/mL,,,PLASMA,1,,,PT0H, PT24H
STUDY123,PP,STUDY123-4001,,62,ARTICLE123-DAY1-STUDY123-4001,CMAX,CMAX,ARTICLE123,NONCOMPARTMENTAL,6.87,ug/mL,6.87,6.87,ug/mL,,,PLASMA,1,,,PT0H, PT24H
STUDY123,PP,STUDY123-4001,,63,ARTICLE123-DAY1-STUDY123-4001,TMAX,TMAX,ARTICLE123,NONCOMPARTMENTAL,24,h,24,24,h,,,PLASMA,1,,,PT0H, PT24H
STUDY123,PP,STUDY123-4002,,64,ARTICLE123-DAY1-STUDY123-4002,AUCINT,AUCINT,ARTICLE123,NONCOMPARTMENTAL,79.2,h*ug/mL,79.2,79.2,h*ug/mL,,,PLASMA,1,,,PT0H, PT24H
STUDY123,PP,STUDY123-4002,,65,ARTICLE123-DAY1-STUDY123-4002,CMAX,CMAX,ARTICLE123,NONCOMPARTMENTAL,4.21,ug/mL,4.21,4.21,ug/mL,,,PLASMA,1,,,PT0H, PT24H
STUDY123,PP,STUDY123-4002,,66,ARTICLE123-DAY1-STUDY123-4002,TMAX,TMAX,ARTICLE123,NONCOMPARTMENTAL,24,h,24,24,h,,,PLASMA,1,,,PT0H, PT24H
STUDY123,PP,STUDY123-4004,,67,ARTICLE123-DAY1-STUDY123-4004,AUCINT,AUCINT,ARTICLE123,NONCOMPARTMENTAL,24.8,h*ug/mL,24.8,24.8,h*ug/mL,,,PLASMA,1,,,PT0H, PT24H
STUDY123,PP,STUDY123-4004,,68,ARTICLE123-DAY1-STUDY123-4004,CMAX,CMAX,ARTICLE123,NONCOMPARTMENTAL,1.59,ug/mL,1.59,1.59,ug/mL,,,PLASMA,1,,,PT0H, PT24H
STUDY123,PP,STUDY123-4004,,69,ARTICLE123-DAY1-STUDY123-4004,TMAX,TMAX,ARTICLE123,NONCOMPARTMENTAL,2.0,h,2.0,2.0,h,,,PLASMA,1,,,PT0H, PT24H
STUDY123,PP,STUDY123-4005,,70,ARTICLE123-DAY1-STUDY123-4005,AUCINT,AUCINT,ARTICLE123,NONCOMPARTMENTAL,80.6,h*ug/mL,80.6,80.6,h*ug/mL,,,PLASMA,1,,,PT0H, PT24H
STUDY123,PP,STUDY123-4005,,71,ARTICLE123-DAY1-STUDY123-4005,CMAX,CMAX,ARTICLE123,NONCOMPARTMENTAL,4.19,ug/mL,4.19,4.19,ug/mL,,,PLASMA,1,,,PT0H, PT24H
STUDY123,PP,STUDY123-4005,,72,ARTICLE123-DAY1-STUDY123-4005,TMAX,TMAX,ARTICLE123,NONCOMPARTMENTAL,24,h,24,24,h,,,PLASMA,1,,,PT0H, PT24H
STUDY123,PP,STUDY123-4006,,73,ARTICLE123-DAY1-STUDY123-4006,AUCINT,AUCINT,ARTICLE123,NONCOMPARTMENTAL,30.8,h*ug/mL,30.8,30.8,h*ug/mL,,,PLASMA,1,,,PT0H, PT24H
STUDY123,PP,STUDY123-4006,,74,ARTICLE123-DAY1-STUDY123-4006,CMAX,CMAX,ARTICLE123,NONCOMPARTMENTAL,2.01,ug/mL,2.01,2.01,ug/mL,,,PLASMA,1,,,PT0H, PT24H
STUDY123,PP,STUDY123-4006,,75,ARTICLE123-DAY1-STUDY123-4006,TMAX,TMAX,ARTICLE123,NONCOMPARTMENTAL,24,h,24,24,h,,,PLASMA,1,,,PT0H, PT24H
STUDY123,PP,STUDY123-4103,,76,ARTICLE123-DAY1-STUDY123-4103,AUCINT,AUCINT,ARTICLE123,NONCOMPARTMENTAL,107,h*ug/mL,107,107,h*ug/mL,,,PLASMA,1,,,PT0H, PT24H
STUDY123,PP,STUDY123-4103,,77,ARTICLE123-DAY1-STUDY123-4103,CMAX,CMAX,ARTICLE123,NONCOMPARTMENTAL,5.60,ug/mL,5.60,5.60,ug/mL,,,PLASMA,1,,,PT0H, PT24H
STUDY123,PP,STUDY123-4103,,78,ARTICLE123-DAY1-STUDY123-4103,TMAX,TMAX,ARTICLE123,NONCOMPARTMENTAL,24,h,24,24,h,,,PLASMA,1,,,PT0H, PT24H
STUDY123,PP,STUDY123-4501,,79,ARTICLE123-DAY1-STUDY123-4501,AUCINT,AUCINT,ARTICLE123,NONCOMPARTMENTAL,222,h*ug/mL,222,222,h*ug/mL,,,PLASMA,1,,,PT0H, PT24H
STUDY123,PP,STUDY123-4501,,80,ARTICLE123-DAY1-STUDY123-4501,CMAX,CMAX,ARTICLE123,NONCOMPARTMENTAL,11.1,ug/mL,11.1,11.1,ug/mL,,,PLASMA,1,,,PT0H, PT24H
STUDY123,PP,STUDY123-4501,,81,ARTICLE123-DAY1-STUDY123-4501,TMAX,TMAX,ARTICLE123,NONCOMPARTMENTAL,8.0,h,8.0,8.0,h,,,PLASMA,1,,,PT0H, PT24H
STUDY123,PP,STUDY123-4502,,82,ARTICLE123-DAY1-STUDY123-4502,AUCINT,AUCINT,ARTICLE123,NONCOMPARTMENTAL,121,h*ug/mL,121,121,h*ug/mL,,,PLASMA,1,,,PT0H, PT24H
STUDY123,PP,STUDY123-4502,,83,ARTICLE123-DAY1-STUDY123-4502,CMAX,CMAX,ARTICLE123,NONCOMPARTMENTAL,6.86,ug/mL,6.86,6.86,ug/mL,,,PLASMA,1,,,PT0H, PT24H
STUDY123,PP,STUDY123-4502,,84,ARTICLE123-DAY1-STUDY123-4502,TMAX,TMAX,ARTICLE123,NONCOMPARTMENTAL,24,h,24,24,h,,,PLASMA,1,,,PT0H, PT24H
STUDY123,PP,STUDY123-4503,,85,ARTICLE123-DAY1-STUDY123-4503,AUCINT,AUCINT,ARTICLE123,NONCOMPARTMENTAL,48.3,h*ug/mL,48.3,48.3,h*ug/mL,,,PLASMA,1,,,PT0H, PT24H
STUDY123,PP,STUDY123-4503,,86,ARTICLE123-DAY1-STUDY123-4503,CMAX,CMAX,ARTICLE123,NONCOMPARTMENTAL,2.42,ug/mL,2.42,2.42,ug/mL,,,PLASMA,1,,,PT0H, PT24H
STUDY123,PP,STUDY123-4503,,87,ARTICLE123-DAY1-STUDY123-4503,TMAX,TMAX,ARTICLE123,NONCOMPARTMENTAL,24,h,24,24,h,,,PLASMA,1,,,PT0H, PT24H
STUDY123,PP,STUDY123-4504,,88,ARTICLE123-DAY1-STUDY123-4504,AUCINT,AUCINT,ARTICLE123,NONCOMPARTMENTAL,204,h*ug/mL,204,204,h*ug/mL,,,PLASMA,1,,,PT0H, PT24H
STUDY123,PP,STUDY123-4504,,89,ARTICLE123-DAY1-STUDY123-4504,CMAX,CMAX,ARTICLE123,NONCOMPARTMENTAL,10.1,ug/mL,10.1,10.1,ug/mL,,,PLASMA,1,,,PT0H, PT24H
STUDY123,PP,STUDY123-4504,,90,ARTICLE123-DAY1-STUDY123-4504,TMAX,TMAX,ARTICLE123,NONCOMPARTMENTAL,24,h,24,24,h,,,PLASMA,1,,,PT0H, PT24H
STUDY123,PP,STUDY123-4506,,91,ARTICLE123-DAY1-STUDY123-4506,AUCINT,AUCINT,ARTICLE123,NONCOMPARTMENTAL,51.4,h*ug/mL,51.4,51.4,h*ug/mL,,,PLASMA,1,,,PT0H, PT24H
STUDY123,PP,STUDY123-4506,,92,ARTICLE123-DAY1-STUDY123-4506,CMAX,CMAX,ARTICLE123,NONCOMPARTMENTAL,2.53,ug/mL,2.53,2.53,ug/mL,,,PLASMA,1,,,PT0H, PT24H
STUDY123,PP,STUDY123-4506,,93,ARTICLE123-DAY1-STUDY123-4506,TMAX,TMAX,ARTICLE123,NONCOMPARTMENTAL,4.0,h,4.0,4.0,h,,,PLASMA,1,,,PT0H, PT24H
STUDY123,PP,STUDY123-4605,,94,ARTICLE123-DAY1-STUDY123-4605,AUCINT,AUCINT,ARTICLE123,NONCOMPARTMENTAL,33.2,h*ug/mL,33.2,33.2,h*ug/mL,,,PLASMA,1,,,PT0H, PT24H
STUDY123,PP,STUDY123-4605,,95,ARTICLE123-DAY1-STUDY123-4605,CMAX,CMAX,ARTICLE123,NONCOMPARTMENTAL,1.85,ug/mL,1.85,1.85,ug/mL,,,PLASMA,1,,,PT0H, PT24H
STUDY123,PP,STUDY123-4605,,96,ARTICLE123-DAY1-STUDY123-4605,TMAX,TMAX,ARTICLE123,NONCOMPARTMENTAL,24,h,24,24,h,,,PLASMA,1,,,PT0H, PT24H
STUDY123,PP,STUDY123-2001,,97,ARTICLE123-DAY85-STUDY123-2001,AUCINT,AUCINT,ARTICLE123,NONCOMPARTMENTAL,50.6,h*ug/mL,50.6,50.6,h*ug/mL,,,PLASMA,85,,,PT0H, PT24H
STUDY123,PP,STUDY123-2001,,98,ARTICLE123-DAY85-STUDY123-2001,CMAX,CMAX,ARTICLE123,NONCOMPARTMENTAL,3.05,ug/mL,3.05,3.05,ug/mL,,,PLASMA,85,,,PT0H, PT24H
STUDY123,PP,STUDY123-2001,,99,ARTICLE123-DAY85-STUDY123-2001,TMAX,TMAX,ARTICLE123,NONCOMPARTMENTAL,2.0,h,2.0,2.0,h,,,PLASMA,85,,,PT0H, PT24H
STUDY123,PP,STUDY123-2002,,100,ARTICLE123-DAY85-STUDY123-2002,AUCINT,AUCINT,ARTICLE123,NONCOMPARTMENTAL,76.1,h*ug/mL,76.1,76.1,h*ug/mL,,,PLASMA,85,,,PT0H, PT24H
STUDY123,PP,STUDY123-2002,,101,ARTICLE123-DAY85-STUDY123-2002,CMAX,CMAX,ARTICLE123,NONCOMPARTMENTAL,3.91,ug/mL,3.91,3.91,ug/mL,,,PLASMA,85,,,PT0H, PT24H
STUDY123,PP,STUDY123-2002,,102,ARTICLE123-DAY85-STUDY123-2002,TMAX,TMAX,ARTICLE123,NONCOMPARTMENTAL,2.0,h,2.0,2.0,h,,,PLASMA,85,,,PT0H, PT24H
STUDY123,PP,STUDY123-2003,,103,ARTICLE123-DAY85-STUDY123-2003,AUCINT,AUCINT,ARTICLE123,NONCOMPARTMENTAL,93.1,h*ug/mL,93.1,93.1,h*ug/mL,,,PLASMA,85,,,PT0H, PT24H
STUDY123,PP,STUDY123-2003,,104,ARTICLE123-DAY85-STUDY123-2003,CMAX,CMAX,ARTICLE123,NONCOMPARTMENTAL,4.26,ug/mL,4.26,4.26,ug/mL,,,PLASMA,85,,,PT0H, PT24H
STUDY123,PP,STUDY123-2003,,105,ARTICLE123-DAY85-STUDY123-2003,TMAX,TMAX,ARTICLE123,NONCOMPARTMENTAL,4.0,h,4.0,4.0,h,,,PLASMA,85,,,PT0H, PT24H
STUDY123,PP,STUDY123-2004,,106,ARTICLE123-DAY85-STUDY123-2004,AUCINT,AUCINT,ARTICLE123,NONCOMPARTMENTAL,57.5,h*ug/mL,57.5,57.5,h*ug/mL,,,PLASMA,85,,,PT0H, PT24H
STUDY123,PP,STUDY123-2004,,107,ARTICLE123-DAY85-STUDY123-2004,CMAX,CMAX,ARTICLE123,NONCOMPARTMENTAL,3.44,ug/mL,3.44,3.44,ug/mL,,,PLASMA,85,,,PT0H, PT24H
STUDY123,PP,STUDY123-2004,,108,ARTICLE123-DAY85-STUDY123-2004,TMAX,TMAX,ARTICLE123,NONCOMPARTMENTAL,2.0,h,2.0,2.0,h,,,PLASMA,85,,,PT0H, PT24H
STUDY123,PP,STUDY123-2501,,109,ARTICLE123-DAY85-STUDY123-2501,AUCINT,AUCINT,ARTICLE123,NONCOMPARTMENTAL,41.3,h*ug/mL,41.3,41.3,h*ug/mL,,,PLASMA,85,,,PT0H, PT24H
STUDY123,PP,STUDY123-2501,,110,ARTICLE123-DAY85-STUDY123-2501,CMAX,CMAX,ARTICLE123,NONCOMPARTMENTAL,2.51,ug/mL,2.51,2.51,ug/mL,,,PLASMA,85,,,PT0H, PT24H
STUDY123,PP,STUDY123-2501,,111,ARTICLE123-DAY85-STUDY123-2501,TMAX,TMAX,ARTICLE123,NONCOMPARTMENTAL,2.0,h,2.0,2.0,h,,,PLASMA,85,,,PT0H, PT24H
STUDY123,PP,STUDY123-2502,,112,ARTICLE123-DAY85-STUDY123-2502,AUCINT,AUCINT,ARTICLE123,NONCOMPARTMENTAL,87.9,h*ug/mL,87.9,87.9,h*ug/mL,,,PLASMA,85,,,PT0H, PT24H
STUDY123,PP,STUDY123-2502,,113,ARTICLE123-DAY85-STUDY123-2502,CMAX,CMAX,ARTICLE123,NONCOMPARTMENTAL,4.44,ug/mL,4.44,4.44,ug/mL,,,PLASMA,85,,,PT0H, PT24H
STUDY123,PP,STUDY123-2502,,114,ARTICLE123-DAY85-STUDY123-2502,TMAX,TMAX,ARTICLE123,NONCOMPARTMENTAL,2.0,h,2.0,2.0,h,,,PLASMA,85,,,PT0H, PT24H
STUDY123,PP,STUDY123-2503,,115,ARTICLE123-DAY85-STUDY123-2503,AUCINT,AUCINT,ARTICLE123,NONCOMPARTMENTAL,59.4,h*ug/mL,59.4,59.4,h*ug/mL,,,PLASMA,85,,,PT0H, PT24H
STUDY123,PP,STUDY123-2503,,116,ARTICLE123-DAY85-STUDY123-2503,CMAX,CMAX,ARTICLE123,NONCOMPARTMENTAL,3.44,ug/mL,3.44,3.44,ug/mL,,,PLASMA,85,,,PT0H, PT24H
STUDY123,PP,STUDY123-2503,,117,ARTICLE123-DAY85-STUDY123-2503,TMAX,TMAX,ARTICLE123,NONCOMPARTMENTAL,2.0,h,2.0,2.0,h,,,PLASMA,85,,,PT0H, PT24H
STUDY123,PP,STUDY123-2504,,118,ARTICLE123-DAY85-STUDY123-2504,AUCINT,AUCINT,ARTICLE123,NONCOMPARTMENTAL,54.8,h*ug/mL,54.8,54.8,h*ug/mL,,,PLASMA,85,,,PT0H, PT24H
STUDY123,PP,STUDY123-2504,,119,ARTICLE123-DAY85-STUDY123-2504,CMAX,CMAX,ARTICLE123,NONCOMPARTMENTAL,3.45,ug/mL,3.45,3.45,ug/mL,,,PLASMA,85,,,PT0H, PT24H
STUDY123,PP,STUDY123-2504,,120,ARTICLE123-DAY85-STUDY123-2504,TMAX,TMAX,ARTICLE123,NONCOMPARTMENTAL,2.0,h,2.0,2.0,h,,,PLASMA,85,,,PT0H, PT24H
STUDY123,PP,STUDY123-3001,,121,ARTICLE123-DAY85-STUDY123-3001,AUCINT,AUCINT,ARTICLE123,NONCOMPARTMENTAL,140,h*ug/mL,140,140,h*ug/mL,,,PLASMA,85,,,PT0H, PT24H
STUDY123,PP,STUDY123-3001,,122,ARTICLE123-DAY85-STUDY123-3001,CMAX,CMAX,ARTICLE123,NONCOMPARTMENTAL,7.40,ug/mL,7.40,7.40,ug/mL,,,PLASMA,85,,,PT0H, PT24H
STUDY123,PP,STUDY123-3001,,123,ARTICLE123-DAY85-STUDY123-3001,TMAX,TMAX,ARTICLE123,NONCOMPARTMENTAL,4.0,h,4.0,4.0,h,,,PLASMA,85,,,PT0H, PT24H
STUDY123,PP,STUDY123-3002,,124,ARTICLE123-DAY85-STUDY123-3002,AUCINT,AUCINT,ARTICLE123,NONCOMPARTMENTAL,85.4,h*ug/mL,85.4,85.4,h*ug/mL,,,PLASMA,85,,,PT0H, PT24H
STUDY123,PP,STUDY123-3002,,125,ARTICLE123-DAY85-STUDY123-3002,CMAX,CMAX,ARTICLE123,NONCOMPARTMENTAL,7.33,ug/mL,7.33,7.33,ug/mL,,,PLASMA,85,,,PT0H, PT24H
STUDY123,PP,STUDY123-3002,,126,ARTICLE123-DAY85-STUDY123-3002,TMAX,TMAX,ARTICLE123,NONCOMPARTMENTAL,2.0,h,2.0,2.0,h,,,PLASMA,85,,,PT0H, PT24H
STUDY123,PP,STUDY123-3003,,127,ARTICLE123-DAY85-STUDY123-3003,AUCINT,AUCINT,ARTICLE123,NONCOMPARTMENTAL,102,h*ug/mL,102,102,h*ug/mL,,,PLASMA,85,,,PT0H, PT24H
STUDY123,PP,STUDY123-3003,,128,ARTICLE123-DAY85-STUDY123-3003,CMAX,CMAX,ARTICLE123,NONCOMPARTMENTAL,5.84,ug/mL,5.84,5.84,ug/mL,,,PLASMA,85,,,PT0H, PT24H
STUDY123,PP,STUDY123-3003,,129,ARTICLE123-DAY85-STUDY123-3003,TMAX,TMAX,ARTICLE123,NONCOMPARTMENTAL,8.0,h,8.0,8.0,h,,,PLASMA,85,,,PT0H, PT24H
STUDY123,PP,STUDY123-3004,,130,ARTICLE123-DAY85-STUDY123-3004,AUCINT,AUCINT,ARTICLE123,NONCOMPARTMENTAL,151,h*ug/mL,151,151,h*ug/mL,,,PLASMA,85,,,PT0H, PT24H
STUDY123,PP,STUDY123-3004,,131,ARTICLE123-DAY85-STUDY123-3004,CMAX,CMAX,ARTICLE123,NONCOMPARTMENTAL,7.65,ug/mL,7.65,7.65,ug/mL,,,PLASMA,85,,,PT0H, PT24H
STUDY123,PP,STUDY123-3004,,132,ARTICLE123-DAY85-STUDY123-3004,TMAX,TMAX,ARTICLE123,NONCOMPARTMENTAL,2.0,h,2.0,2.0,h,,,PLASMA,85,,,PT0H, PT24H
STUDY123,PP,STUDY123-3005,,133,ARTICLE123-DAY85-STUDY123-3005,AUCINT,AUCINT,ARTICLE123,NONCOMPARTMENTAL,151,h*ug/mL,151,151,h*ug/mL,,,PLASMA,85,,,PT0H, PT24H
STUDY123,PP,STUDY123-3005,,134,ARTICLE123-DAY85-STUDY123-3005,CMAX,CMAX,ARTICLE123,NONCOMPARTMENTAL,8.24,ug/mL,8.24,8.24,ug/mL,,,PLASMA,85,,,PT0H, PT24H
STUDY123,PP,STUDY123-3005,,135,ARTICLE123-DAY85-STUDY123-3005,TMAX,TMAX,ARTICLE123,NONCOMPARTMENTAL,2.0,h,2.0,2.0,h,,,PLASMA,85,,,PT0H, PT24H
STUDY123,PP,STUDY123-3006,,136,ARTICLE123-DAY85-STUDY123-3006,AUCINT,AUCINT,ARTICLE123,NONCOMPARTMENTAL,161,h*ug/mL,161,161,h*ug/mL,,,PLASMA,85,,,PT0H, PT24H
STUDY123,PP,STUDY123-3006,,137,ARTICLE123-DAY85-STUDY123-3006,CMAX,CMAX,ARTICLE123,NONCOMPARTMENTAL,9.02,ug/mL,9.02,9.02,ug/mL,,,PLASMA,85,,,PT0H, PT24H
STUDY123,PP,STUDY123-3006,,138,ARTICLE123-DAY85-STUDY123-3006,TMAX,TMAX,ARTICLE123,NONCOMPARTMENTAL,2.0,h,2.0,2.0,h,,,PLASMA,85,,,PT0H, PT24H
STUDY123,PP,STUDY123-3501,,139,ARTICLE123-DAY85-STUDY123-3501,AUCINT,AUCINT,ARTICLE123,NONCOMPARTMENTAL,238,h*ug/mL,238,238,h*ug/mL,,,PLASMA,85,,,PT0H, PT24H
STUDY123,PP,STUDY123-3501,,140,ARTICLE123-DAY85-STUDY123-3501,CMAX,CMAX,ARTICLE123,NONCOMPARTMENTAL,11.7,ug/mL,11.7,11.7,ug/mL,,,PLASMA,85,,,PT0H, PT24H
STUDY123,PP,STUDY123-3501,,141,ARTICLE123-DAY85-STUDY123-3501,TMAX,TMAX,ARTICLE123,NONCOMPARTMENTAL,4.0,h,4.0,4.0,h,,,PLASMA,85,,,PT0H, PT24H
STUDY123,PP,STUDY123-3502,,142,ARTICLE123-DAY85-STUDY123-3502,AUCINT,AUCINT,ARTICLE123,NONCOMPARTMENTAL,245,h*ug/mL,245,245,h*ug/mL,,,PLASMA,85,,,PT0H, PT24H
STUDY123,PP,STUDY123-3502,,143,ARTICLE123-DAY85-STUDY123-3502,CMAX,CMAX,ARTICLE123,NONCOMPARTMENTAL,12.8,ug/mL,12.8,12.8,ug/mL,,,PLASMA,85,,,PT0H, PT24H
STUDY123,PP,STUDY123-3502,,144,ARTICLE123-DAY85-STUDY123-3502,TMAX,TMAX,ARTICLE123,NONCOMPARTMENTAL,2.0,h,2.0,2.0,h,,,PLASMA,85,,,PT0H, PT24H
STUDY123,PP,STUDY123-3503,,145,ARTICLE123-DAY85-STUDY123-3503,AUCINT,AUCINT,ARTICLE123,NONCOMPARTMENTAL,71.5,h*ug/mL,71.5,71.5,h*ug/mL,,,PLASMA,85,,,PT0H, PT24H
STUDY123,PP,STUDY123-3503,,146,ARTICLE123-DAY85-STUDY123-3503,CMAX,CMAX,ARTICLE123,NONCOMPARTMENTAL,4.84,ug/mL,4.84,4.84,ug/mL,,,PLASMA,85,,,PT0H, PT24H
STUDY123,PP,STUDY123-3503,,147,ARTICLE123-DAY85-STUDY123-3503,TMAX,TMAX,ARTICLE123,NONCOMPARTMENTAL,2.0,h,2.0,2.0,h,,,PLASMA,85,,,PT0H, PT24H
STUDY123,PP,STUDY123-3504,,148,ARTICLE123-DAY85-STUDY123-3504,AUCINT,AUCINT,ARTICLE123,NONCOMPARTMENTAL,126,h*ug/mL,126,126,h*ug/mL,,,PLASMA,85,,,PT0H, PT24H
STUDY123,PP,STUDY123-3504,,149,ARTICLE123-DAY85-STUDY123-3504,CMAX,CMAX,ARTICLE123,NONCOMPARTMENTAL,5.96,ug/mL,5.96,5.96,ug/mL,,,PLASMA,85,,,PT0H, PT24H
STUDY123,PP,STUDY123-3504,,150,ARTICLE123-DAY85-STUDY123-3504,TMAX,TMAX,ARTICLE123,NONCOMPARTMENTAL,1.0,h,1.0,1.0,h,,,PLASMA,85,,,PT0H, PT24H
STUDY123,PP,STUDY123-3505,,151,ARTICLE123-DAY85-STUDY123-3505,AUCINT,AUCINT,ARTICLE123,NONCOMPARTMENTAL,156,h*ug/mL,156,156,h*ug/mL,,,PLASMA,85,,,PT0H, PT24H
STUDY123,PP,STUDY123-3505,,152,ARTICLE123-DAY85-STUDY123-3505,CMAX,CMAX,ARTICLE123,NONCOMPARTMENTAL,8.35,ug/mL,8.35,8.35,ug/mL,,,PLASMA,85,,,PT0H, PT24H
STUDY123,PP,STUDY123-3505,,153,ARTICLE123-DAY85-STUDY123-3505,TMAX,TMAX,ARTICLE123,NONCOMPARTMENTAL,1.0,h,1.0,1.0,h,,,PLASMA,85,,,PT0H, PT24H
STUDY123,PP,STUDY123-3506,,154,ARTICLE123-DAY85-STUDY123-3506,AUCINT,AUCINT,ARTICLE123,NONCOMPARTMENTAL,116,h*ug/mL,116,116,h*ug/mL,,,PLASMA,85,,,PT0H, PT24H
STUDY123,PP,STUDY123-3506,,155,ARTICLE123-DAY85-STUDY123-3506,CMAX,CMAX,ARTICLE123,NONCOMPARTMENTAL,5.72,ug/mL,5.72,5.72,ug/mL,,,PLASMA,85,,,PT0H, PT24H
STUDY123,PP,STUDY123-3506,,156,ARTICLE123-DAY85-STUDY123-3506,TMAX,TMAX,ARTICLE123,NONCOMPARTMENTAL,0.0,h,0.0,0.0,h,,,PLASMA,85,,,PT0H, PT24H
STUDY123,PP,STUDY123-4001,,157,ARTICLE123-DAY85-STUDY123-4001,AUCINT,AUCINT,ARTICLE123,NONCOMPARTMENTAL,443,h*ug/mL,443,443,h*ug/mL,,,PLASMA,85,,,PT0H, PT24H
STUDY123,PP,STUDY123-4001,,158,ARTICLE123-DAY85-STUDY123-4001,CMAX,CMAX,ARTICLE123,NONCOMPARTMENTAL,21.6,ug/mL,21.6,21.6,ug/mL,,,PLASMA,85,,,PT0H, PT24H
STUDY123,PP,STUDY123-4001,,159,ARTICLE123-DAY85-STUDY123-4001,TMAX,TMAX,ARTICLE123,NONCOMPARTMENTAL,2.0,h,2.0,2.0,h,,,PLASMA,85,,,PT0H, PT24H
STUDY123,PP,STUDY123-4002,,160,ARTICLE123-DAY85-STUDY123-4002,AUCINT,AUCINT,ARTICLE123,NONCOMPARTMENTAL,580,h*ug/mL,580,580,h*ug/mL,,,PLASMA,85,,,PT0H, PT24H
STUDY123,PP,STUDY123-4002,,161,ARTICLE123-DAY85-STUDY123-4002,CMAX,CMAX,ARTICLE123,NONCOMPARTMENTAL,30.0,ug/mL,30.0,30.0,ug/mL,,,PLASMA,85,,,PT0H, PT24H
STUDY123,PP,STUDY123-4002,,162,ARTICLE123-DAY85-STUDY123-4002,TMAX,TMAX,ARTICLE123,NONCOMPARTMENTAL,4.0,h,4.0,4.0,h,,,PLASMA,85,,,PT0H, PT24H
STUDY123,PP,STUDY123-4004,,163,ARTICLE123-DAY85-STUDY123-4004,AUCINT,AUCINT,ARTICLE123,NONCOMPARTMENTAL,238,h*ug/mL,238,238,h*ug/mL,,,PLASMA,85,,,PT0H, PT24H
STUDY123,PP,STUDY123-4004,,164,ARTICLE123-DAY85-STUDY123-4004,CMAX,CMAX,ARTICLE123,NONCOMPARTMENTAL,12.5,ug/mL,12.5,12.5,ug/mL,,,PLASMA,85,,,PT0H, PT24H
STUDY123,PP,STUDY123-4004,,165,ARTICLE123-DAY85-STUDY123-4004,TMAX,TMAX,ARTICLE123,NONCOMPARTMENTAL,2.0,h,2.0,2.0,h,,,PLASMA,85,,,PT0H, PT24H
STUDY123,PP,STUDY123-4005,,166,ARTICLE123-DAY85-STUDY123-4005,AUCINT,AUCINT,ARTICLE123,NONCOMPARTMENTAL,341,h*ug/mL,341,341,h*ug/mL,,,PLASMA,85,,,PT0H, PT24H
STUDY123,PP,STUDY123-4005,,167,ARTICLE123-DAY85-STUDY123-4005,CMAX,CMAX,ARTICLE123,NONCOMPARTMENTAL,17.8,ug/mL,17.8,17.8,ug/mL,,,PLASMA,85,,,PT0H, PT24H
STUDY123,PP,STUDY123-4005,,168,ARTICLE123-DAY85-STUDY123-4005,TMAX,TMAX,ARTICLE123,NONCOMPARTMENTAL,4.0,h,4.0,4.0,h,,,PLASMA,85,,,PT0H, PT24H
STUDY123,PP,STUDY123-4006,,169,ARTICLE123-DAY85-STUDY123-4006,AUCINT,AUCINT,ARTICLE123,NONCOMPARTMENTAL,395,h*ug/mL,395,395,h*ug/mL,,,PLASMA,85,,,PT0H, PT24H
STUDY123,PP,STUDY123-4006,,170,ARTICLE123-DAY85-STUDY123-4006,CMAX,CMAX,ARTICLE123,NONCOMPARTMENTAL,20.5,ug/mL,20.5,20.5,ug/mL,,,PLASMA,85,,,PT0H, PT24H
STUDY123,PP,STUDY123-4006,,171,ARTICLE123-DAY85-STUDY123-4006,TMAX,TMAX,ARTICLE123,NONCOMPARTMENTAL,4.0,h,4.0,4.0,h,,,PLASMA,85,,,PT0H, PT24H
STUDY123,PP,STUDY123-4103,,172,ARTICLE123-DAY85-STUDY123-4103,AUCINT,AUCINT,ARTICLE123,NONCOMPARTMENTAL,350,h*ug/mL,350,350,h*ug/mL,,,PLASMA,85,,,PT0H, PT24H
STUDY123,PP,STUDY123-4103,,173,ARTICLE123-DAY85-STUDY123-4103,CMAX,CMAX,ARTICLE123,NONCOMPARTMENTAL,17.8,ug/mL,17.8,17.8,ug/mL,,,PLASMA,85,,,PT0H, PT24H
STUDY123,PP,STUDY123-4103,,174,ARTICLE123-DAY85-STUDY123-4103,TMAX,TMAX,ARTICLE123,NONCOMPARTMENTAL,4.0,h,4.0,4.0,h,,,PLASMA,85,,,PT0H, PT24H
STUDY123,PP,STUDY123-4501,,175,ARTICLE123-DAY85-STUDY123-4501,AUCINT,AUCINT,ARTICLE123,NONCOMPARTMENTAL,410,h*ug/mL,410,410,h*ug/mL,,,PLASMA,85,,,PT0H, PT24H
STUDY123,PP,STUDY123-4501,,176,ARTICLE123-DAY85-STUDY123-4501,CMAX,CMAX,ARTICLE123,NONCOMPARTMENTAL,20.8,ug/mL,20.8,20.8,ug/mL,,,PLASMA,85,,,PT0H, PT24H
STUDY123,PP,STUDY123-4501,,177,ARTICLE123-DAY85-STUDY123-4501,TMAX,TMAX,ARTICLE123,NONCOMPARTMENTAL,4.0,h,4.0,4.0,h,,,PLASMA,85,,,PT0H, PT24H
STUDY123,PP,STUDY123-4502,,178,ARTICLE123-DAY85-STUDY123-4502,AUCINT,AUCINT,ARTICLE123,NONCOMPARTMENTAL,334,h*ug/mL,334,334,h*ug/mL,,,PLASMA,85,,,PT0H, PT24H
STUDY123,PP,STUDY123-4502,,179,ARTICLE123-DAY85-STUDY123-4502,CMAX,CMAX,ARTICLE123,NONCOMPARTMENTAL,17.3,ug/mL,17.3,17.3,ug/mL,,,PLASMA,85,,,PT0H, PT24H
STUDY123,PP,STUDY123-4502,,180,ARTICLE123-DAY85-STUDY123-4502,TMAX,TMAX,ARTICLE123,NONCOMPARTMENTAL,4.0,h,4.0,4.0,h,,,PLASMA,85,,,PT0H, PT24H
STUDY123,PP,STUDY123-4503,,181,ARTICLE123-DAY85-STUDY123-4503,AUCINT,AUCINT,ARTICLE123,NONCOMPARTMENTAL,458,h*ug/mL,458,458,h*ug/mL,,,PLASMA,85,,,PT0H, PT24H
STUDY123,PP,STUDY123-4503,,182,ARTICLE123-DAY85-STUDY123-4503,CMAX,CMAX,ARTICLE123,NONCOMPARTMENTAL,23.3,ug/mL,23.3,23.3,ug/mL,,,PLASMA,85,,,PT0H, PT24H
STUDY123,PP,STUDY123-4503,,183,ARTICLE123-DAY85-STUDY123-4503,TMAX,TMAX,ARTICLE123,NONCOMPARTMENTAL,4.0,h,4.0,4.0,h,,,PLASMA,85,,,PT0H, PT24H
STUDY123,PP,STUDY123-4504,,184,ARTICLE123-DAY85-STUDY123-4504,AUCINT,AUCINT,ARTICLE123,NONCOMPARTMENTAL,488,h*ug/mL,488,488,h*ug/mL,,,PLASMA,85,,,PT0H, PT24H
STUDY123,PP,STUDY123-4504,,185,ARTICLE123-DAY85-STUDY123-4504,CMAX,CMAX,ARTICLE123,NONCOMPARTMENTAL,22.4,ug/mL,22.4,22.4,ug/mL,,,PLASMA,85,,,PT0H, PT24H
STUDY123,PP,STUDY123-4504,,186,ARTICLE123-DAY85-STUDY123-4504,TMAX,TMAX,ARTICLE123,NONCOMPARTMENTAL,8.0,h,8.0,8.0,h,,,PLASMA,85,,,PT0H, PT24H
STUDY123,PP,STUDY123-4506,,187,ARTICLE123-DAY85-STUDY123-4506,AUCINT,AUCINT,ARTICLE123,NONCOMPARTMENTAL,305,h*ug/mL,305,305,h*ug/mL,,,PLASMA,85,,,PT0H, PT24H
STUDY123,PP,STUDY123-4506,,188,ARTICLE123-DAY85-STUDY123-4506,CMAX,CMAX,ARTICLE123,NONCOMPARTMENTAL,16.8,ug/mL,16.8,16.8,ug/mL,,,PLASMA,85,,,PT0H, PT24H
STUDY123,PP,STUDY123-4506,,189,ARTICLE123-DAY85-STUDY123-4506,TMAX,TMAX,ARTICLE123,NONCOMPARTMENTAL,2.0,h,2.0,2.0,h,,,PLASMA,85,,,PT0H, PT24H
STUDY123,PP,STUDY123-4605,,190,ARTICLE123-DAY85-STUDY123-4605,AUCINT,AUCINT,ARTICLE123,NONCOMPARTMENTAL,373,h*ug/mL,373,373,h*ug/mL,,,PLASMA,85,,,PT0H, PT24H
STUDY123,PP,STUDY123-4605,,191,ARTICLE123-DAY85-STUDY123-4605,CMAX,CMAX,ARTICLE123,NONCOMPARTMENTAL,19.5,ug/mL,19.5,19.5,ug/mL,,,PLASMA,85,,,PT0H, PT24H
STUDY123,PP,STUDY123-4605,,192,ARTICLE123-DAY85-STUDY123-4605,TMAX,TMAX,ARTICLE123,NONCOMPARTMENTAL,2.0,h,2.0,2.0,h,,,PLASMA,85,,,PT0H, PT24H
STUDY123,PP,STUDY123-2001,,193,ARTICLE123-DAY85-STUDY123-2001,AUCINT,AUCINT,ARTICLE123,NONCOMPARTMENTAL,42.3,h*ug/mL,42.3,42.3,h*ug/mL,,,PLASMA,85,,,PT0H, PT24H
STUDY123,PP,STUDY123-2001,,194,ARTICLE123-DAY85-STUDY123-2001,CMAX,CMAX,ARTICLE123,NONCOMPARTMENTAL,2.59,ug/mL,2.59,2.59,ug/mL,,,PLASMA,85,,,PT0H, PT24H
STUDY123,PP,STUDY123-2001,,195,ARTICLE123-DAY85-STUDY123-2001,TMAX,TMAX,ARTICLE123,NONCOMPARTMENTAL,2.0,h,2.0,2.0,h,,,PLASMA,85,,,PT0H, PT24H
STUDY123,PP,STUDY123-2002,,196,ARTICLE123-DAY85-STUDY123-2002,AUCINT,AUCINT,ARTICLE123,NONCOMPARTMENTAL,52.3,h*ug/mL,52.3,52.3,h*ug/mL,,,PLASMA,85,,,PT0H, PT24H
STUDY123,PP,STUDY123-2002,,197,ARTICLE123-DAY85-STUDY123-2002,CMAX,CMAX,ARTICLE123,NONCOMPARTMENTAL,2.87,ug/mL,2.87,2.87,ug/mL,,,PLASMA,85,,,PT0H, PT24H
STUDY123,PP,STUDY123-2002,,198,ARTICLE123-DAY85-STUDY123-2002,TMAX,TMAX,ARTICLE123,NONCOMPARTMENTAL,1.0,h,1.0,1.0,h,,,PLASMA,85,,,PT0H, PT24H
STUDY123,PP,STUDY123-2003,,199,ARTICLE123-DAY85-STUDY123-2003,AUCINT,AUCINT,ARTICLE123,NONCOMPARTMENTAL,73.9,h*ug/mL,73.9,73.9,h*ug/mL,,,PLASMA,85,,,PT0H, PT24H
STUDY123,PP,STUDY123-2003,,200,ARTICLE123-DAY85-STUDY123-2003,CMAX,CMAX,ARTICLE123,NONCOMPARTMENTAL,3.22,ug/mL,3.22,3.22,ug/mL,,,PLASMA,85,,,PT0H, PT24H
STUDY123,PP,STUDY123-2003,,201,ARTICLE123-DAY85-STUDY123-2003,TMAX,TMAX,ARTICLE123,NONCOMPARTMENTAL,0.0,h,0.0,0.0,h,,,PLASMA,85,,,PT0H, PT24H
STUDY123,PP,STUDY123-2004,,202,ARTICLE123-DAY85-STUDY123-2004,AUCINT,AUCINT,ARTICLE123,NONCOMPARTMENTAL,66.1,h*ug/mL,66.1,66.1,h*ug/mL,,,PLASMA,85,,,PT0H, PT24H
STUDY123,PP,STUDY123-2004,,203,ARTICLE123-DAY85-STUDY123-2004,CMAX,CMAX,ARTICLE123,NONCOMPARTMENTAL,3.49,ug/mL,3.49,3.49,ug/mL,,,PLASMA,85,,,PT0H, PT24H
STUDY123,PP,STUDY123-2004,,204,ARTICLE123-DAY85-STUDY123-2004,TMAX,TMAX,ARTICLE123,NONCOMPARTMENTAL,2.0,h,2.0,2.0,h,,,PLASMA,85,,,PT0H, PT24H
STUDY123,PP,STUDY123-2501,,205,ARTICLE123-DAY85-STUDY123-2501,AUCINT,AUCINT,ARTICLE123,NONCOMPARTMENTAL,56.6,h*ug/mL,56.6,56.6,h*ug/mL,,,PLASMA,85,,,PT0H, PT24H
STUDY123,PP,STUDY123-2501,,206,ARTICLE123-DAY85-STUDY123-2501,CMAX,CMAX,ARTICLE123,NONCOMPARTMENTAL,3.25,ug/mL,3.25,3.25,ug/mL,,,PLASMA,85,,,PT0H, PT24H
STUDY123,PP,STUDY123-2501,,207,ARTICLE123-DAY85-STUDY123-2501,TMAX,TMAX,ARTICLE123,NONCOMPARTMENTAL,2.0,h,2.0,2.0,h,,,PLASMA,85,,,PT0H, PT24H
STUDY123,PP,STUDY123-2502,,208,ARTICLE123-DAY85-STUDY123-2502,AUCINT,AUCINT,ARTICLE123,NONCOMPARTMENTAL,57.2,h*ug/mL,57.2,57.2,h*ug/mL,,,PLASMA,85,,,PT0H, PT24H
STUDY123,PP,STUDY123-2502,,209,ARTICLE123-DAY85-STUDY123-2502,CMAX,CMAX,ARTICLE123,NONCOMPARTMENTAL,3.63,ug/mL,3.63,3.63,ug/mL,,,PLASMA,85,,,PT0H, PT24H
STUDY123,PP,STUDY123-2502,,210,ARTICLE123-DAY85-STUDY123-2502,TMAX,TMAX,ARTICLE123,NONCOMPARTMENTAL,2.0,h,2.0,2.0,h,,,PLASMA,85,,,PT0H, PT24H
STUDY123,PP,STUDY123-2503,,211,ARTICLE123-DAY85-STUDY123-2503,AUCINT,AUCINT,ARTICLE123,NONCOMPARTMENTAL,80.7,h*ug/mL,80.7,80.7,h*ug/mL,,,PLASMA,85,,,PT0H, PT24H
STUDY123,PP,STUDY123-2503,,212,ARTICLE123-DAY85-STUDY123-2503,CMAX,CMAX,ARTICLE123,NONCOMPARTMENTAL,5.16,ug/mL,5.16,5.16,ug/mL,,,PLASMA,85,,,PT0H, PT24H
STUDY123,PP,STUDY123-2503,,213,ARTICLE123-DAY85-STUDY123-2503,TMAX,TMAX,ARTICLE123,NONCOMPARTMENTAL,2.0,h,2.0,2.0,h,,,PLASMA,85,,,PT0H, PT24H
STUDY123,PP,STUDY123-2504,,214,ARTICLE123-DAY85-STUDY123-2504,AUCINT,AUCINT,ARTICLE123,NONCOMPARTMENTAL,90.1,h*ug/mL,90.1,90.1,h*ug/mL,,,PLASMA,85,,,PT0H, PT24H
STUDY123,PP,STUDY123-2504,,215,ARTICLE123-DAY85-STUDY123-2504,CMAX,CMAX,ARTICLE123,NONCOMPARTMENTAL,4.77,ug/mL,4.77,4.77,ug/mL,,,PLASMA,85,,,PT0H, PT24H
STUDY123,PP,STUDY123-2504,,216,ARTICLE123-DAY85-STUDY123-2504,TMAX,TMAX,ARTICLE123,NONCOMPARTMENTAL,2.0,h,2.0,2.0,h,,,PLASMA,85,,,PT0H, PT24H
STUDY123,PP,STUDY123-3001,,217,ARTICLE123-DAY85-STUDY123-3001,AUCINT,AUCINT,ARTICLE123,NONCOMPARTMENTAL,155,h*ug/mL,155,155,h*ug/mL,,,PLASMA,85,,,PT0H, PT24H
STUDY123,PP,STUDY123-3001,,218,ARTICLE123-DAY85-STUDY123-3001,CMAX,CMAX,ARTICLE123,NONCOMPARTMENTAL,7.60,ug/mL,7.60,7.60,ug/mL,,,PLASMA,85,,,PT0H, PT24H
STUDY123,PP,STUDY123-3001,,219,ARTICLE123-DAY85-STUDY123-3001,TMAX,TMAX,ARTICLE123,NONCOMPARTMENTAL,2.0,h,2.0,2.0,h,,,PLASMA,85,,,PT0H, PT24H
STUDY123,PP,STUDY123-3002,,220,ARTICLE123-DAY85-STUDY123-3002,AUCINT,AUCINT,ARTICLE123,NONCOMPARTMENTAL,78.4,h*ug/mL,78.4,78.4,h*ug/mL,,,PLASMA,85,,,PT0H, PT24H
STUDY123,PP,STUDY123-3002,,221,ARTICLE123-DAY85-STUDY123-3002,CMAX,CMAX,ARTICLE123,NONCOMPARTMENTAL,5.09,ug/mL,5.09,5.09,ug/mL,,,PLASMA,85,,,PT0H, PT24H
STUDY123,PP,STUDY123-3002,,222,ARTICLE123-DAY85-STUDY123-3002,TMAX,TMAX,ARTICLE123,NONCOMPARTMENTAL,2.0,h,2.0,2.0,h,,,PLASMA,85,,,PT0H, PT24H
STUDY123,PP,STUDY123-3003,,223,ARTICLE123-DAY85-STUDY123-3003,AUCINT,AUCINT,ARTICLE123,NONCOMPARTMENTAL,88.9,h*ug/mL,88.9,88.9,h*ug/mL,,,PLASMA,85,,,PT0H, PT24H
STUDY123,PP,STUDY123-3003,,224,ARTICLE123-DAY85-STUDY123-3003,CMAX,CMAX,ARTICLE123,NONCOMPARTMENTAL,4.60,ug/mL,4.60,4.60,ug/mL,,,PLASMA,85,,,PT0H, PT24H
STUDY123,PP,STUDY123-3003,,225,ARTICLE123-DAY85-STUDY123-3003,TMAX,TMAX,ARTICLE123,NONCOMPARTMENTAL,2.0,h,2.0,2.0,h,,,PLASMA,85,,,PT0H, PT24H
STUDY123,PP,STUDY123-3004,,226,ARTICLE123-DAY85-STUDY123-3004,AUCINT,AUCINT,ARTICLE123,NONCOMPARTMENTAL,171,h*ug/mL,171,171,h*ug/mL,,,PLASMA,85,,,PT0H, PT24H
STUDY123,PP,STUDY123-3004,,227,ARTICLE123-DAY85-STUDY123-3004,CMAX,CMAX,ARTICLE123,NONCOMPARTMENTAL,8.61,ug/mL,8.61,8.61,ug/mL,,,PLASMA,85,,,PT0H, PT24H
STUDY123,PP,STUDY123-3004,,228,ARTICLE123-DAY85-STUDY123-3004,TMAX,TMAX,ARTICLE123,NONCOMPARTMENTAL,1.0,h,1.0,1.0,h,,,PLASMA,85,,,PT0H, PT24H
STUDY123,PP,STUDY123-3005,,229,ARTICLE123-DAY85-STUDY123-3005,AUCINT,AUCINT,ARTICLE123,NONCOMPARTMENTAL,128,h*ug/mL,128,128,h*ug/mL,,,PLASMA,85,,,PT0H, PT24H
STUDY123,PP,STUDY123-3005,,230,ARTICLE123-DAY85-STUDY123-3005,CMAX,CMAX,ARTICLE123,NONCOMPARTMENTAL,7.70,ug/mL,7.70,7.70,ug/mL,,,PLASMA,85,,,PT0H, PT24H
STUDY123,PP,STUDY123-3005,,231,ARTICLE123-DAY85-STUDY123-3005,TMAX,TMAX,ARTICLE123,NONCOMPARTMENTAL,2.0,h,2.0,2.0,h,,,PLASMA,85,,,PT0H, PT24H
STUDY123,PP,STUDY123-3006,,232,ARTICLE123-DAY85-STUDY123-3006,AUCINT,AUCINT,ARTICLE123,NONCOMPARTMENTAL,155,h*ug/mL,155,155,h*ug/mL,,,PLASMA,85,,,PT0H, PT24H
STUDY123,PP,STUDY123-3006,,233,ARTICLE123-DAY85-STUDY123-3006,CMAX,CMAX,ARTICLE123,NONCOMPARTMENTAL,8.67,ug/mL,8.67,8.67,ug/mL,,,PLASMA,85,,,PT0H, PT24H
STUDY123,PP,STUDY123-3006,,234,ARTICLE123-DAY85-STUDY123-3006,TMAX,TMAX,ARTICLE123,NONCOMPARTMENTAL,1.0,h,1.0,1.0,h,,,PLASMA,85,,,PT0H, PT24H
STUDY123,PP,STUDY123-3501,,235,ARTICLE123-DAY85-STUDY123-3501,AUCINT,AUCINT,ARTICLE123,NONCOMPARTMENTAL,224,h*ug/mL,224,224,h*ug/mL,,,PLASMA,85,,,PT0H, PT24H
STUDY123,PP,STUDY123-3501,,236,ARTICLE123-DAY85-STUDY123-3501,CMAX,CMAX,ARTICLE123,NONCOMPARTMENTAL,11.4,ug/mL,11.4,11.4,ug/mL,,,PLASMA,85,,,PT0H, PT24H
STUDY123,PP,STUDY123-3501,,237,ARTICLE123-DAY85-STUDY123-3501,TMAX,TMAX,ARTICLE123,NONCOMPARTMENTAL,2.0,h,2.0,2.0,h,,,PLASMA,85,,,PT0H, PT24H
STUDY123,PP,STUDY123-3502,,238,ARTICLE123-DAY85-STUDY123-3502,AUCINT,AUCINT,ARTICLE123,NONCOMPARTMENTAL,177,h*ug/mL,177,177,h*ug/mL,,,PLASMA,85,,,PT0H, PT24H
STUDY123,PP,STUDY123-3502,,239,ARTICLE123-DAY85-STUDY123-3502,CMAX,CMAX,ARTICLE123,NONCOMPARTMENTAL,9.37,ug/mL,9.37,9.37,ug/mL,,,PLASMA,85,,,PT0H, PT24H
STUDY123,PP,STUDY123-3502,,240,ARTICLE123-DAY85-STUDY123-3502,TMAX,TMAX,ARTICLE123,NONCOMPARTMENTAL,2.0,h,2.0,2.0,h,,,PLASMA,85,,,PT0H, PT24H
STUDY123,PP,STUDY123-3503,,241,ARTICLE123-DAY85-STUDY123-3503,AUCINT,AUCINT,ARTICLE123,NONCOMPARTMENTAL,77.2,h*ug/mL,77.2,77.2,h*ug/mL,,,PLASMA,85,,,PT0H, PT24H
STUDY123,PP,STUDY123-3503,,242,ARTICLE123-DAY85-STUDY123-3503,CMAX,CMAX,ARTICLE123,NONCOMPARTMENTAL,5.07,ug/mL,5.07,5.07,ug/mL,,,PLASMA,85,,,PT0H, PT24H
STUDY123,PP,STUDY123-3503,,243,ARTICLE123-DAY85-STUDY123-3503,TMAX,TMAX,ARTICLE123,NONCOMPARTMENTAL,2.0,h,2.0,2.0,h,,,PLASMA,85,,,PT0H, PT24H
STUDY123,PP,STUDY123-3504,,244,ARTICLE123-DAY85-STUDY123-3504,AUCINT,AUCINT,ARTICLE123,NONCOMPARTMENTAL,129,h*ug/mL,129,129,h*ug/mL,,,PLASMA,85,,,PT0H, PT24H
STUDY123,PP,STUDY123-3504,,245,ARTICLE123-DAY85-STUDY123-3504,CMAX,CMAX,ARTICLE123,NONCOMPARTMENTAL,5.95,ug/mL,5.95,5.95,ug/mL,,,PLASMA,85,,,PT0H, PT24H
STUDY123,PP,STUDY123-3504,,246,ARTICLE123-DAY85-STUDY123-3504,TMAX,TMAX,ARTICLE123,NONCOMPARTMENTAL,2.0,h,2.0,2.0,h,,,PLASMA,85,,,PT0H, PT24H
STUDY123,PP,STUDY123-3505,,247,ARTICLE123-DAY85-STUDY123-3505,AUCINT,AUCINT,ARTICLE123,NONCOMPARTMENTAL,105,h*ug/mL,105,105,h*ug/mL,,,PLASMA,85,,,PT0H, PT24H
STUDY123,PP,STUDY123-3505,,248,ARTICLE123-DAY85-STUDY123-3505,CMAX,CMAX,ARTICLE123,NONCOMPARTMENTAL,5.19,ug/mL,5.19,5.19,ug/mL,,,PLASMA,85,,,PT0H, PT24H
STUDY123,PP,STUDY123-3505,,249,ARTICLE123-DAY85-STUDY123-3505,TMAX,TMAX,ARTICLE123,NONCOMPARTMENTAL,2.0,h,2.0,2.0,h,,,PLASMA,85,,,PT0H, PT24H
STUDY123,PP,STUDY123-3506,,250,ARTICLE123-DAY85-STUDY123-3506,AUCINT,AUCINT,ARTICLE123,NONCOMPARTMENTAL,127,h*ug/mL,127,127,h*ug/mL,,,PLASMA,85,,,PT0H, PT24H
STUDY123,PP,STUDY123-3506,,251,ARTICLE123-DAY85-STUDY123-3506,CMAX,CMAX,ARTICLE123,NONCOMPARTMENTAL,6.67,ug/mL,6.67,6.67,ug/mL,,,PLASMA,85,,,PT0H, PT24H
STUDY123,PP,STUDY123-3506,,252,ARTICLE123-DAY85-STUDY123-3506,TMAX,TMAX,ARTICLE123,NONCOMPARTMENTAL,2.0,h,2.0,2.0,h,,,PLASMA,85,,,PT0H, PT24H
STUDY123,PP,STUDY123-4001,,253,ARTICLE123-DAY85-STUDY123-4001,AUCINT,AUCINT,ARTICLE123,NONCOMPARTMENTAL,470,h*ug/mL,470,470,h*ug/mL,,,PLASMA,85,,,PT0H, PT24H
STUDY123,PP,STUDY123-4001,,254,ARTICLE123-DAY85-STUDY123-4001,CMAX,CMAX,ARTICLE123,NONCOMPARTMENTAL,24.9,ug/mL,24.9,24.9,ug/mL,,,PLASMA,85,,,PT0H, PT24H
STUDY123,PP,STUDY123-4001,,255,ARTICLE123-DAY85-STUDY123-4001,TMAX,TMAX,ARTICLE123,NONCOMPARTMENTAL,2.0,h,2.0,2.0,h,,,PLASMA,85,,,PT0H, PT24H
STUDY123,PP,STUDY123-4002,,256,ARTICLE123-DAY85-STUDY123-4002,AUCINT,AUCINT,ARTICLE123,NONCOMPARTMENTAL,538,h*ug/mL,538,538,h*ug/mL,,,PLASMA,85,,,PT0H, PT24H
STUDY123,PP,STUDY123-4002,,257,ARTICLE123-DAY85-STUDY123-4002,CMAX,CMAX,ARTICLE123,NONCOMPARTMENTAL,25.0,ug/mL,25.0,25.0,ug/mL,,,PLASMA,85,,,PT0H, PT24H
STUDY123,PP,STUDY123-4002,,258,ARTICLE123-DAY85-STUDY123-4002,TMAX,TMAX,ARTICLE123,NONCOMPARTMENTAL,2.0,h,2.0,2.0,h,,,PLASMA,85,,,PT0H, PT24H
STUDY123,PP,STUDY123-4004,,259,ARTICLE123-DAY85-STUDY123-4004,AUCINT,AUCINT,ARTICLE123,NONCOMPARTMENTAL,433,h*ug/mL,433,433,h*ug/mL,,,PLASMA,85,,,PT0H, PT24H
STUDY123,PP,STUDY123-4004,,260,ARTICLE123-DAY85-STUDY123-4004,CMAX,CMAX,ARTICLE123,NONCOMPARTMENTAL,20.8,ug/mL,20.8,20.8,ug/mL,,,PLASMA,85,,,PT0H, PT24H
STUDY123,PP,STUDY123-4004,,261,ARTICLE123-DAY85-STUDY123-4004,TMAX,TMAX,ARTICLE123,NONCOMPARTMENTAL,8.0,h,8.0,8.0,h,,,PLASMA,85,,,PT0H, PT24H
STUDY123,PP,STUDY123-4005,,262,ARTICLE123-DAY85-STUDY123-4005,AUCINT,AUCINT,ARTICLE123,NONCOMPARTMENTAL,323,h*ug/mL,323,323,h*ug/mL,,,PLASMA,85,,,PT0H, PT24H
STUDY123,PP,STUDY123-4005,,263,ARTICLE123-DAY85-STUDY123-4005,CMAX,CMAX,ARTICLE123,NONCOMPARTMENTAL,18.5,ug/mL,18.5,18.5,ug/mL,,,PLASMA,85,,,PT0H, PT24H
STUDY123,PP,STUDY123-4005,,264,ARTICLE123-DAY85-STUDY123-4005,TMAX,TMAX,ARTICLE123,NONCOMPARTMENTAL,4.0,h,4.0,4.0,h,,,PLASMA,85,,,PT0H, PT24H
STUDY123,PP,STUDY123-4006,,265,ARTICLE123-DAY85-STUDY123-4006,AUCINT,AUCINT,ARTICLE123,NONCOMPARTMENTAL,242,h*ug/mL,242,242,h*ug/mL,,,PLASMA,85,,,PT0H, PT24H
STUDY123,PP,STUDY123-4006,,266,ARTICLE123-DAY85-STUDY123-4006,CMAX,CMAX,ARTICLE123,NONCOMPARTMENTAL,13.6,ug/mL,13.6,13.6,ug/mL,,,PLASMA,85,,,PT0H, PT24H
STUDY123,PP,STUDY123-4006,,267,ARTICLE123-DAY85-STUDY123-4006,TMAX,TMAX,ARTICLE123,NONCOMPARTMENTAL,4.0,h,4.0,4.0,h,,,PLASMA,85,,,PT0H, PT24H
STUDY123,PP,STUDY123-4103,,268,ARTICLE123-DAY85-STUDY123-4103,AUCINT,AUCINT,ARTICLE123,NONCOMPARTMENTAL,332,h*ug/mL,332,332,h*ug/mL,,,PLASMA,85,,,PT0H, PT24H
STUDY123,PP,STUDY123-4103,,269,ARTICLE123-DAY85-STUDY123-4103,CMAX,CMAX,ARTICLE123,NONCOMPARTMENTAL,18.6,ug/mL,18.6,18.6,ug/mL,,,PLASMA,85,,,PT0H, PT24H
STUDY123,PP,STUDY123-4103,,270,ARTICLE123-DAY85-STUDY123-4103,TMAX,TMAX,ARTICLE123,NONCOMPARTMENTAL,4.0,h,4.0,4.0,h,,,PLASMA,85,,,PT0H, PT24H
STUDY123,PP,STUDY123-4501,,271,ARTICLE123-DAY85-STUDY123-4501,AUCINT,AUCINT,ARTICLE123,NONCOMPARTMENTAL,260,h*ug/mL,260,260,h*ug/mL,,,PLASMA,85,,,PT0H, PT24H
STUDY123,PP,STUDY123-4501,,272,ARTICLE123-DAY85-STUDY123-4501,CMAX,CMAX,ARTICLE123,NONCOMPARTMENTAL,12.6,ug/mL,12.6,12.6,ug/mL,,,PLASMA,85,,,PT0H, PT24H
STUDY123,PP,STUDY123-4501,,273,ARTICLE123-DAY85-STUDY123-4501,TMAX,TMAX,ARTICLE123,NONCOMPARTMENTAL,4.0,h,4.0,4.0,h,,,PLASMA,85,,,PT0H, PT24H
STUDY123,PP,STUDY123-4502,,274,ARTICLE123-DAY85-STUDY123-4502,AUCINT,AUCINT,ARTICLE123,NONCOMPARTMENTAL,414,h*ug/mL,414,414,h*ug/mL,,,PLASMA,85,,,PT0H, PT24H
STUDY123,PP,STUDY123-4502,,275,ARTICLE123-DAY85-STUDY123-4502,CMAX,CMAX,ARTICLE123,NONCOMPARTMENTAL,21.1,ug/mL,21.1,21.1,ug/mL,,,PLASMA,85,,,PT0H, PT24H
STUDY123,PP,STUDY123-4502,,276,ARTICLE123-DAY85-STUDY123-4502,TMAX,TMAX,ARTICLE123,NONCOMPARTMENTAL,4.0,h,4.0,4.0,h,,,PLASMA,85,,,PT0H, PT24H
STUDY123,PP,STUDY123-4503,,277,ARTICLE123-DAY85-STUDY123-4503,AUCINT,AUCINT,ARTICLE123,NONCOMPARTMENTAL,400,h*ug/mL,400,400,h*ug/mL,,,PLASMA,85,,,PT0H, PT24H
STUDY123,PP,STUDY123-4503,,278,ARTICLE123-DAY85-STUDY123-4503,CMAX,CMAX,ARTICLE123,NONCOMPARTMENTAL,19.7,ug/mL,19.7,19.7,ug/mL,,,PLASMA,85,,,PT0H, PT24H
STUDY123,PP,STUDY123-4503,,279,ARTICLE123-DAY85-STUDY123-4503,TMAX,TMAX,ARTICLE123,NONCOMPARTMENTAL,8.0,h,8.0,8.0,h,,,PLASMA,85,,,PT0H, PT24H
STUDY123,PP,STUDY123-4504,,280,ARTICLE123-DAY85-STUDY123-4504,AUCINT,AUCINT,ARTICLE123,NONCOMPARTMENTAL,274,h*ug/mL,274,274,h*ug/mL,,,PLASMA,85,,,PT0H, PT24H
STUDY123,PP,STUDY123-4504,,281,ARTICLE123-DAY85-STUDY123-4504,CMAX,CMAX,ARTICLE123,NONCOMPARTMENTAL,15.4,ug/mL,15.4,15.4,ug/mL,,,PLASMA,85,,,PT0H, PT24H
STUDY123,PP,STUDY123-4504,,282,ARTICLE123-DAY85-STUDY123-4504,TMAX,TMAX,ARTICLE123,NONCOMPARTMENTAL,4.0,h,4.0,4.0,h,,,PLASMA,85,,,PT0H, PT24H
STUDY123,PP,STUDY123-4506,,283,ARTICLE123-DAY85-STUDY123-4506,AUCINT,AUCINT,ARTICLE123,NONCOMPARTMENTAL,341,h*ug/mL,341,341,h*ug/mL,,,PLASMA,85,,,PT0H, PT24H
STUDY123,PP,STUDY123-4506,,284,ARTICLE123-DAY85-STUDY123-4506,CMAX,CMAX,ARTICLE123,NONCOMPARTMENTAL,17.0,ug/mL,17.0,17.0,ug/mL,,,PLASMA,85,,,PT0H, PT24H
STUDY123,PP,STUDY123-4506,,285,ARTICLE123-DAY85-STUDY123-4506,TMAX,TMAX,ARTICLE123,NONCOMPARTMENTAL,2.0,h,2.0,2.0,h,,,PLASMA,85,,,PT0H, PT24H
STUDY123,PP,STUDY123-4605,,286,ARTICLE123-DAY85-STUDY123-4605,AUCINT,AUCINT,ARTICLE123,NONCOMPARTMENTAL,339,h*ug/mL,339,339,h*ug/mL,,,PLASMA,85,,,PT0H, PT24H
STUDY123,PP,STUDY123-4605,,287,ARTICLE123-DAY85-STUDY123-4605,CMAX,CMAX,ARTICLE123,NONCOMPARTMENTAL,17.5,ug/mL,17.5,17.5,ug/mL,,,PLASMA,85,,,PT0H, PT24H
STUDY123,PP,STUDY123-4605,,288,ARTICLE123-DAY85-STUDY123-4605,TMAX,TMAX,ARTICLE123,NONCOMPARTMENTAL,8.0,h,8.0,8.0,h,,,PLASMA,85,,,PT0H, PT24H
